{
    "root_group": {
        "checks": {
            "status is 200": {
                "fails": 0,
                "name": "status is 200",
                "path": "::status is 200",
                "id": "6210a8cd14cd70477eba5c5e4cb3fb5f",
                "passes": 1000
            }
        },
        "name": "",
        "path": "",
        "id": "d41d8cd98f00b204e9800998ecf8427e",
        "groups": {}
    },
    "metrics": {
        "A_Get_Users_Endpoint": {
            "avg": 19.102857700000005,
            "min": 11.3191,
            "med": 13.9975,
            "max": 142.7084,
            "p(90)": 37.6735,
            "p(95)": 44.46662,
            "p(99)": 54.447
        },
        "http_req_waiting": {
            "p(90)": 35.19889000000001,
            "p(95)": 41.438,
            "p(99)": 51.78680099999999,
            "avg": 18.2381478,
            "min": 11.0003,
            "med": 13.744150000000001,
            "max": 142.7084
        },
        "http_reqs": {
            "count": 1000,
            "rate": 95.68331059355668
        },
        "http_req_duration{expected_response:true}": {
            "med": 13.9975,
            "max": 142.7084,
            "p(90)": 37.6735,
            "p(95)": 44.46662,
            "p(99)": 54.447,
            "avg": 19.102857700000005,
            "min": 11.3191
        },
        "checks": {
            "passes": 1000,
            "fails": 0,
            "value": 1
        },
        "vus": {
            "value": 100,
            "min": 100,
            "max": 100
        },
        "iterations": {
            "count": 1000,
            "rate": 95.68331059355668
        },
        "data_received": {
            "count": 2325163,
            "rate": 222479.29350964606
        },
        "http_req_failed": {
            "passes": 0,
            "fails": 1000,
            "value": 0
        },
        "http_req_receiving": {
            "avg": 0.7672515999999996,
            "min": 0,
            "med": 0,
            "max": 15.8584,
            "p(90)": 1.9995,
            "p(95)": 3.9987399999999997,
            "p(99)": 7.012556999999996
        },
        "http_req_duration": {
            "p(99)": 54.447,
            "avg": 19.102857700000005,
            "min": 11.3191,
            "med": 13.9975,
            "max": 142.7084,
            "p(90)": 37.6735,
            "p(95)": 44.46662
        },
        "http_req_connecting": {
            "med": 0,
            "max": 32.216,
            "p(90)": 0.9117300000002073,
            "p(95)": 23.6089,
            "p(99)": 29.6105,
            "avg": 2.3134436000000003,
            "min": 0
        },
        "http_req_sending": {
            "max": 12.0001,
            "p(90)": 0.07625000000000001,
            "p(95)": 0.50491,
            "p(99)": 1.997034,
            "avg": 0.09745829999999997,
            "min": 0,
            "med": 0
        },
        "vus_max": {
            "value": 100,
            "min": 100,
            "max": 100
        },
        "data_sent": {
            "count": 225300,
            "rate": 21557.449876728322
        },
        "iteration_duration": {
            "p(95)": 1183.628595,
            "p(99)": 1207.4863440000001,
            "avg": 1037.5937241999989,
            "min": 1011.4078,
            "med": 1014.999,
            "max": 1306.8624,
            "p(90)": 1117.3487
        },
        "http_req_blocked": {
            "max": 199.4817,
            "p(90)": 8.840980000001933,
            "p(95)": 154.51142499999992,
            "p(99)": 191.62680799999998,
            "avg": 15.014735299999996,
            "min": 0,
            "med": 0
        },
        "http_req_tls_handshaking": {
            "avg": 11.592735499999998,
            "min": 0,
            "med": 0,
            "max": 171.026,
            "p(90)": 4.983230000001133,
            "p(95)": 120.32371,
            "p(99)": 153.880124
        }
    }
}